{
    "box1": {
        "top_left": [
            257,
            264
        ],
        "top_right": [
            341,
            264
        ],
        "bottom_left": [
            257,
            285
        ],
        "bottom_right": [
            341,
            285
        ]
    },
    "box2": {
        "top_left": [
            311,
            309
        ],
        "top_right": [
            1087,
            309
        ],
        "bottom_left": [
            311,
            362
        ],
        "bottom_right": [
            1087,
            362
        ]
    },
    "box3": {
        "top_left": [
            256,
            390
        ],
        "top_right": [
            340,
            390
        ],
        "bottom_left": [
            256,
            408
        ],
        "bottom_right": [
            340,
            408
        ]
    },
    "box4": {
        "top_left": [
            264,
            401
        ],
        "top_right": [
            295,
            401
        ],
        "bottom_left": [
            264,
            406
        ],
        "bottom_right": [
            295,
            406
        ]
    },
    "box5": {
        "top_left": [
            491,
            439
        ],
        "top_right": [
            537,
            439
        ],
        "bottom_left": [
            491,
            484
        ],
        "bottom_right": [
            537,
            484
        ]
    },
    "box6": {
        "top_left": [
            311,
            445
        ],
        "top_right": [
            630,
            445
        ],
        "bottom_left": [
            311,
            513
        ],
        "bottom_right": [
            630,
            513
        ]
    },
    "box7": {
        "top_left": [
            434,
            499
        ],
        "top_right": [
            449,
            499
        ],
        "bottom_left": [
            434,
            529
        ],
        "bottom_right": [
            449,
            529
        ]
    },
    "box8": {
        "top_left": [
            311,
            506
        ],
        "top_right": [
            610,
            506
        ],
        "bottom_left": [
            311,
            556
        ],
        "bottom_right": [
            610,
            556
        ]
    },
    "box9": {
        "top_left": [
            311,
            534
        ],
        "top_right": [
            1089,
            534
        ],
        "bottom_left": [
            311,
            563
        ],
        "bottom_right": [
            1089,
            563
        ]
    },
    "box10": {
        "top_left": [
            254,
            598
        ],
        "top_right": [
            402,
            598
        ],
        "bottom_left": [
            254,
            619
        ],
        "bottom_right": [
            402,
            619
        ]
    },
    "box11": {
        "top_left": [
            312,
            650
        ],
        "top_right": [
            820,
            650
        ],
        "bottom_left": [
            312,
            674
        ],
        "bottom_right": [
            820,
            674
        ]
    },
    "box12": {
        "top_left": [
            311,
            678
        ],
        "top_right": [
            842,
            678
        ],
        "bottom_left": [
            311,
            708
        ],
        "bottom_right": [
            842,
            708
        ]
    },
    "box13": {
        "top_left": [
            311,
            713
        ],
        "top_right": [
            1084,
            713
        ],
        "bottom_left": [
            311,
            771
        ],
        "bottom_right": [
            1084,
            771
        ]
    },
    "box14": {
        "top_left": [
            254,
            809
        ],
        "top_right": [
            420,
            809
        ],
        "bottom_left": [
            254,
            828
        ],
        "bottom_right": [
            420,
            828
        ]
    },
    "box15": {
        "top_left": [
            311,
            852
        ],
        "top_right": [
            783,
            852
        ],
        "bottom_left": [
            311,
            888
        ],
        "bottom_right": [
            783,
            888
        ]
    },
    "box16": {
        "top_left": [
            311,
            885
        ],
        "top_right": [
            733,
            885
        ],
        "bottom_left": [
            311,
            915
        ],
        "bottom_right": [
            733,
            915
        ]
    },
    "box17": {
        "top_left": [
            311,
            920
        ],
        "top_right": [
            700,
            920
        ],
        "bottom_left": [
            311,
            948
        ],
        "bottom_right": [
            700,
            948
        ]
    },
    "box18": {
        "top_left": [
            311,
            948
        ],
        "top_right": [
            1171,
            948
        ],
        "bottom_left": [
            311,
            978
        ],
        "bottom_right": [
            1171,
            978
        ]
    },
    "box19": {
        "top_left": [
            255,
            1109
        ],
        "top_right": [
            560,
            1109
        ],
        "bottom_left": [
            255,
            1111
        ],
        "bottom_right": [
            560,
            1111
        ]
    },
    "box20": {
        "top_left": [
            272,
            1119
        ],
        "top_right": [
            511,
            1119
        ],
        "bottom_left": [
            272,
            1136
        ],
        "bottom_right": [
            511,
            1136
        ]
    },
    "box21": {
        "top_left": [
            272,
            1140
        ],
        "top_right": [
            604,
            1140
        ],
        "bottom_left": [
            272,
            1205
        ],
        "bottom_right": [
            604,
            1205
        ]
    },
    "box22": {
        "top_left": [
            304,
            1220
        ],
        "top_right": [
            693,
            1220
        ],
        "bottom_left": [
            304,
            1322
        ],
        "bottom_right": [
            693,
            1322
        ]
    },
    "box23": {
        "top_left": [
            642,
            1380
        ],
        "top_right": [
            647,
            1380
        ],
        "bottom_left": [
            642,
            1396
        ],
        "bottom_right": [
            647,
            1396
        ]
    }
}