{
    "box1": {
        "top_left": [
            257,
            265
        ],
        "top_right": [
            337,
            265
        ],
        "bottom_left": [
            257,
            277
        ],
        "bottom_right": [
            337,
            277
        ]
    },
    "box2": {
        "top_left": [
            255,
            274
        ],
        "top_right": [
            341,
            274
        ],
        "bottom_left": [
            255,
            280
        ],
        "bottom_right": [
            341,
            280
        ]
    },
    "box3": {
        "top_left": [
            311,
            305
        ],
        "top_right": [
            1093,
            305
        ],
        "bottom_left": [
            311,
            359
        ],
        "bottom_right": [
            1093,
            359
        ]
    },
    "box4": {
        "top_left": [
            254,
            384
        ],
        "top_right": [
            501,
            384
        ],
        "bottom_left": [
            254,
            411
        ],
        "bottom_right": [
            501,
            411
        ]
    },
    "box5": {
        "top_left": [
            311,
            440
        ],
        "top_right": [
            628,
            440
        ],
        "bottom_left": [
            311,
            461
        ],
        "bottom_right": [
            628,
            461
        ]
    },
    "box6": {
        "top_left": [
            311,
            472
        ],
        "top_right": [
            1138,
            472
        ],
        "bottom_left": [
            311,
            496
        ],
        "bottom_right": [
            1138,
            496
        ]
    },
    "box7": {
        "top_left": [
            257,
            538
        ],
        "top_right": [
            337,
            538
        ],
        "bottom_left": [
            257,
            552
        ],
        "bottom_right": [
            337,
            552
        ]
    },
    "box8": {
        "top_left": [
            311,
            589
        ],
        "top_right": [
            806,
            589
        ],
        "bottom_left": [
            311,
            623
        ],
        "bottom_right": [
            806,
            623
        ]
    },
    "box9": {
        "top_left": [
            311,
            617
        ],
        "top_right": [
            1098,
            617
        ],
        "bottom_left": [
            311,
            642
        ],
        "bottom_right": [
            1098,
            642
        ]
    },
    "box10": {
        "top_left": [
            255,
            1182
        ],
        "top_right": [
            560,
            1182
        ],
        "bottom_left": [
            255,
            1184
        ],
        "bottom_right": [
            560,
            1184
        ]
    },
    "box11": {
        "top_left": [
            272,
            1193
        ],
        "top_right": [
            650,
            1193
        ],
        "bottom_left": [
            272,
            1206
        ],
        "bottom_right": [
            650,
            1206
        ]
    },
    "box12": {
        "top_left": [
            272,
            1216
        ],
        "top_right": [
            600,
            1216
        ],
        "bottom_left": [
            272,
            1230
        ],
        "bottom_right": [
            600,
            1230
        ]
    },
    "box13": {
        "top_left": [
            304,
            1250
        ],
        "top_right": [
            558,
            1250
        ],
        "bottom_left": [
            304,
            1264
        ],
        "bottom_right": [
            558,
            1264
        ]
    },
    "box14": {
        "top_left": [
            304,
            1277
        ],
        "top_right": [
            600,
            1277
        ],
        "bottom_left": [
            304,
            1294
        ],
        "bottom_right": [
            600,
            1294
        ]
    },
    "box15": {
        "top_left": [
            272,
            1326
        ],
        "top_right": [
            532,
            1326
        ],
        "bottom_left": [
            272,
            1339
        ],
        "bottom_right": [
            532,
            1339
        ]
    }
}