{
    "box1": {
        "top_left": [
            409,
            265
        ],
        "top_right": [
            874,
            265
        ],
        "bottom_left": [
            409,
            313
        ],
        "bottom_right": [
            874,
            313
        ]
    },
    "box2": {
        "top_left": [
            254,
            349
        ],
        "top_right": [
            476,
            349
        ],
        "bottom_left": [
            254,
            371
        ],
        "bottom_right": [
            476,
            371
        ]
    },
    "box3": {
        "top_left": [
            311,
            390
        ],
        "top_right": [
            1093,
            390
        ],
        "bottom_left": [
            311,
            419
        ],
        "bottom_right": [
            1093,
            419
        ]
    },
    "box4": {
        "top_left": [
            255,
            440
        ],
        "top_right": [
            341,
            440
        ],
        "bottom_left": [
            255,
            462
        ],
        "bottom_right": [
            341,
            462
        ]
    },
    "box5": {
        "top_left": [
            311,
            481
        ],
        "top_right": [
            1091,
            481
        ],
        "bottom_left": [
            311,
            539
        ],
        "bottom_right": [
            1091,
            539
        ]
    },
    "box6": {
        "top_left": [
            254,
            565
        ],
        "top_right": [
            504,
            565
        ],
        "bottom_left": [
            254,
            586
        ],
        "bottom_right": [
            504,
            586
        ]
    },
    "box7": {
        "top_left": [
            311,
            600
        ],
        "top_right": [
            1093,
            600
        ],
        "bottom_left": [
            311,
            628
        ],
        "bottom_right": [
            1093,
            628
        ]
    },
    "box8": {
        "top_left": [
            254,
            652
        ],
        "top_right": [
            317,
            652
        ],
        "bottom_left": [
            254,
            671
        ],
        "bottom_right": [
            317,
            671
        ]
    },
    "box9": {
        "top_left": [
            354,
            682
        ],
        "top_right": [
            411,
            682
        ],
        "bottom_left": [
            354,
            695
        ],
        "bottom_right": [
            411,
            695
        ]
    },
    "box10": {
        "top_left": [
            311,
            690
        ],
        "top_right": [
            709,
            690
        ],
        "bottom_left": [
            311,
            707
        ],
        "bottom_right": [
            709,
            707
        ]
    },
    "box11": {
        "top_left": [
            311,
            715
        ],
        "top_right": [
            1091,
            715
        ],
        "bottom_left": [
            311,
            745
        ],
        "bottom_right": [
            1091,
            745
        ]
    },
    "box12": {
        "top_left": [
            598,
            785
        ],
        "top_right": [
            677,
            785
        ],
        "bottom_left": [
            598,
            810
        ],
        "bottom_right": [
            677,
            810
        ]
    },
    "box13": {
        "top_left": [
            603,
            799
        ],
        "top_right": [
            661,
            799
        ],
        "bottom_left": [
            603,
            800
        ],
        "bottom_right": [
            661,
            800
        ]
    },
    "box14": {
        "top_left": [
            419,
            823
        ],
        "top_right": [
            865,
            823
        ],
        "bottom_left": [
            419,
            843
        ],
        "bottom_right": [
            865,
            843
        ]
    },
    "box15": {
        "top_left": [
            254,
            869
        ],
        "top_right": [
            421,
            869
        ],
        "bottom_left": [
            254,
            892
        ],
        "bottom_right": [
            421,
            892
        ]
    },
    "box16": {
        "top_left": [
            311,
            909
        ],
        "top_right": [
            1069,
            909
        ],
        "bottom_left": [
            311,
            1038
        ],
        "bottom_right": [
            1069,
            1038
        ]
    },
    "box17": {
        "top_left": [
            254,
            1064
        ],
        "top_right": [
            312,
            1064
        ],
        "bottom_left": [
            254,
            1071
        ],
        "bottom_right": [
            312,
            1071
        ]
    },
    "box18": {
        "top_left": [
            257,
            1073
        ],
        "top_right": [
            310,
            1073
        ],
        "bottom_left": [
            257,
            1075
        ],
        "bottom_right": [
            310,
            1075
        ]
    },
    "box19": {
        "top_left": [
            443,
            1098
        ],
        "top_right": [
            551,
            1098
        ],
        "bottom_left": [
            443,
            1120
        ],
        "bottom_right": [
            551,
            1120
        ]
    },
    "box20": {
        "top_left": [
            311,
            1106
        ],
        "top_right": [
            665,
            1106
        ],
        "bottom_left": [
            311,
            1194
        ],
        "bottom_right": [
            665,
            1194
        ]
    },
    "box21": {
        "top_left": [
            311,
            1199
        ],
        "top_right": [
            1138,
            1199
        ],
        "bottom_left": [
            311,
            1224
        ],
        "bottom_right": [
            1138,
            1224
        ]
    },
    "box22": {
        "top_left": [
            255,
            1242
        ],
        "top_right": [
            560,
            1242
        ],
        "bottom_left": [
            255,
            1244
        ],
        "bottom_right": [
            560,
            1244
        ]
    },
    "box23": {
        "top_left": [
            291,
            1251
        ],
        "top_right": [
            400,
            1251
        ],
        "bottom_left": [
            291,
            1265
        ],
        "bottom_right": [
            400,
            1265
        ]
    },
    "box24": {
        "top_left": [
            291,
            1276
        ],
        "top_right": [
            500,
            1276
        ],
        "bottom_left": [
            291,
            1314
        ],
        "bottom_right": [
            500,
            1314
        ]
    },
    "box25": {
        "top_left": [
            272,
            1322
        ],
        "top_right": [
            527,
            1322
        ],
        "bottom_left": [
            272,
            1339
        ],
        "bottom_right": [
            527,
            1339
        ]
    },
    "box26": {
        "top_left": [
            642,
            1380
        ],
        "top_right": [
            646,
            1380
        ],
        "bottom_left": [
            642,
            1396
        ],
        "bottom_right": [
            646,
            1396
        ]
    }
}