{
    "box2": {
        "top_left": [
            541,
            414
        ],
        "top_right": [
            751,
            414
        ],
        "bottom_left": [
            541,
            418
        ],
        "bottom_right": [
            751,
            418
        ]
    },
    "box3": {
        "top_left": [
            529,
            426
        ],
        "top_right": [
            738,
            426
        ],
        "bottom_left": [
            529,
            454
        ],
        "bottom_right": [
            738,
            454
        ]
    },
    "box4": {
        "top_left": [
            538,
            442
        ],
        "top_right": [
            715,
            442
        ],
        "bottom_left": [
            538,
            449
        ],
        "bottom_right": [
            715,
            449
        ]
    },
    "box6": {
        "top_left": [
            530,
            469
        ],
        "top_right": [
            734,
            469
        ],
        "bottom_left": [
            530,
            480
        ],
        "bottom_right": [
            734,
            480
        ]
    },
    "box7": {
        "top_left": [
            350,
            570
        ],
        "top_right": [
            366,
            570
        ],
        "bottom_left": [
            350,
            586
        ],
        "bottom_right": [
            366,
            586
        ]
    },
    "box8": {
        "top_left": [
            254,
            577
        ],
        "top_right": [
            536,
            577
        ],
        "bottom_left": [
            254,
            597
        ],
        "bottom_right": [
            536,
            597
        ]
    },
    "box9": {
        "top_left": [
            311,
            624
        ],
        "top_right": [
            725,
            624
        ],
        "bottom_left": [
            311,
            648
        ],
        "bottom_right": [
            725,
            648
        ]
    },
    "box10": {
        "top_left": [
            311,
            656
        ],
        "top_right": [
            829,
            656
        ],
        "bottom_left": [
            311,
            683
        ],
        "bottom_right": [
            829,
            683
        ]
    },
    "box11": {
        "top_left": [
            311,
            698
        ],
        "top_right": [
            709,
            698
        ],
        "bottom_left": [
            311,
            731
        ],
        "bottom_right": [
            709,
            731
        ]
    },
    "box12": {
        "top_left": [
            313,
            730
        ],
        "top_right": [
            1069,
            730
        ],
        "bottom_left": [
            313,
            756
        ],
        "bottom_right": [
            1069,
            756
        ]
    },
    "box13": {
        "top_left": [
            255,
            794
        ],
        "top_right": [
            339,
            794
        ],
        "bottom_left": [
            255,
            808
        ],
        "bottom_right": [
            339,
            808
        ]
    },
    "box14": {
        "top_left": [
            468,
            838
        ],
        "top_right": [
            481,
            838
        ],
        "bottom_left": [
            468,
            841
        ],
        "bottom_right": [
            481,
            841
        ]
    },
    "box15": {
        "top_left": [
            311,
            844
        ],
        "top_right": [
            629,
            844
        ],
        "bottom_left": [
            311,
            866
        ],
        "bottom_right": [
            629,
            866
        ]
    },
    "box16": {
        "top_left": [
            311,
            877
        ],
        "top_right": [
            592,
            877
        ],
        "bottom_left": [
            311,
            898
        ],
        "bottom_right": [
            592,
            898
        ]
    },
    "box17": {
        "top_left": [
            311,
            905
        ],
        "top_right": [
            662,
            905
        ],
        "bottom_left": [
            311,
            929
        ],
        "bottom_right": [
            662,
            929
        ]
    },
    "box18": {
        "top_left": [
            311,
            937
        ],
        "top_right": [
            1138,
            937
        ],
        "bottom_left": [
            311,
            961
        ],
        "bottom_right": [
            1138,
            961
        ]
    },
    "box20": {
        "top_left": [
            646,
            1382
        ],
        "top_right": [
            647,
            1382
        ],
        "bottom_left": [
            646,
            1393
        ],
        "bottom_right": [
            647,
            1393
        ]
    }
}