{
    "box1": {
        "top_left": [
            588,
            399
        ],
        "top_right": [
            657,
            399
        ],
        "bottom_left": [
            588,
            417
        ],
        "bottom_right": [
            657,
            417
        ]
    },
    "box2": {
        "top_left": [
            541,
            414
        ],
        "top_right": [
            734,
            414
        ],
        "bottom_left": [
            541,
            445
        ],
        "bottom_right": [
            734,
            445
        ]
    },
    "box4": {
        "top_left": [
            719,
            451
        ],
        "top_right": [
            737,
            451
        ],
        "bottom_left": [
            719,
            455
        ],
        "bottom_right": [
            737,
            455
        ]
    },
    "box5": {
        "top_left": [
            576,
            547
        ],
        "top_right": [
            696,
            547
        ],
        "bottom_left": [
            576,
            567
        ],
        "bottom_right": [
            696,
            567
        ]
    },
    "box6": {
        "top_left": [
            516,
            589
        ],
        "top_right": [
            756,
            589
        ],
        "bottom_left": [
            516,
            601
        ],
        "bottom_right": [
            756,
            601
        ]
    },
    "box7": {
        "top_left": [
            254,
            630
        ],
        "top_right": [
            505,
            630
        ],
        "bottom_left": [
            254,
            656
        ],
        "bottom_right": [
            505,
            656
        ]
    },
    "box8": {
        "top_left": [
            311,
            677
        ],
        "top_right": [
            782,
            677
        ],
        "bottom_left": [
            311,
            743
        ],
        "bottom_right": [
            782,
            743
        ]
    },
    "box9": {
        "top_left": [
            313,
            755
        ],
        "top_right": [
            716,
            755
        ],
        "bottom_left": [
            313,
            785
        ],
        "bottom_right": [
            716,
            785
        ]
    },
    "box10": {
        "top_left": [
            313,
            796
        ],
        "top_right": [
            1091,
            796
        ],
        "bottom_left": [
            313,
            819
        ],
        "bottom_right": [
            1091,
            819
        ]
    },
    "box11": {
        "top_left": [
            255,
            847
        ],
        "top_right": [
            341,
            847
        ],
        "bottom_left": [
            255,
            865
        ],
        "bottom_right": [
            341,
            865
        ]
    },
    "box12": {
        "top_left": [
            311,
            893
        ],
        "top_right": [
            757,
            893
        ],
        "bottom_left": [
            311,
            981
        ],
        "bottom_right": [
            757,
            981
        ]
    },
    "box13": {
        "top_left": [
            311,
            986
        ],
        "top_right": [
            1171,
            986
        ],
        "bottom_left": [
            311,
            1016
        ],
        "bottom_right": [
            1171,
            1016
        ]
    },
    "box14": {
        "top_left": [
            599,
            1062
        ],
        "top_right": [
            674,
            1062
        ],
        "bottom_left": [
            599,
            1086
        ],
        "bottom_right": [
            674,
            1086
        ]
    },
    "box15": {
        "top_left": [
            417,
            1093
        ],
        "top_right": [
            856,
            1093
        ],
        "bottom_left": [
            417,
            1113
        ],
        "bottom_right": [
            856,
            1113
        ]
    },
    "box16": {
        "top_left": [
            254,
            1146
        ],
        "top_right": [
            466,
            1146
        ],
        "bottom_left": [
            254,
            1167
        ],
        "bottom_right": [
            466,
            1167
        ]
    },
    "box17": {
        "top_left": [
            311,
            1194
        ],
        "top_right": [
            1093,
            1194
        ],
        "bottom_left": [
            311,
            1251
        ],
        "bottom_right": [
            1093,
            1251
        ]
    },
    "box18": {
        "top_left": [
            255,
            1274
        ],
        "top_right": [
            560,
            1274
        ],
        "bottom_left": [
            255,
            1276
        ],
        "bottom_right": [
            560,
            1276
        ]
    },
    "box19": {
        "top_left": [
            272,
            1284
        ],
        "top_right": [
            494,
            1284
        ],
        "bottom_left": [
            272,
            1298
        ],
        "bottom_right": [
            494,
            1298
        ]
    },
    "box20": {
        "top_left": [
            272,
            1309
        ],
        "top_right": [
            546,
            1309
        ],
        "bottom_left": [
            272,
            1323
        ],
        "bottom_right": [
            546,
            1323
        ]
    }
}